{
  "hash": "76e24e69",
  "configHash": "9d18e534",
  "lockfileHash": "43df463f",
  "browserHash": "11f7b9ba",
  "optimized": {
    "@angular/common": {
      "src": "../../../../../../node_modules/@angular/common/fesm2022/common.mjs",
      "file": "@angular_common.js",
      "fileHash": "71ea86a4",
      "needsInterop": false
    },
    "@angular/core": {
      "src": "../../../../../../node_modules/@angular/core/fesm2022/core.mjs",
      "file": "@angular_core.js",
      "fileHash": "32260c37",
      "needsInterop": false
    },
    "@angular/platform-browser": {
      "src": "../../../../../../node_modules/@angular/platform-browser/fesm2022/platform-browser.mjs",
      "file": "@angular_platform-browser.js",
      "fileHash": "495cf528",
      "needsInterop": false
    },
    "@angular/router": {
      "src": "../../../../../../node_modules/@angular/router/fesm2022/router.mjs",
      "file": "@angular_router.js",
      "fileHash": "7b7a1467",
      "needsInterop": false
    }
  },
  "chunks": {
    "chunk-HNFVE3SF": {
      "file": "chunk-HNFVE3SF.js"
    },
    "chunk-6CCXCDNG": {
      "file": "chunk-6CCXCDNG.js"
    },
    "chunk-W5QGBK3I": {
      "file": "chunk-W5QGBK3I.js"
    }
  }
}